<?xml version="1.0" encoding="UTF-8"?>
<metadata xml:lang="pt"><Esri><CreaDate>20220914</CreaDate><CreaTime>16332900</CreaTime><ArcGISFormat>1.0</ArcGISFormat><SyncOnce>TRUE</SyncOnce><DataProperties><lineage><Process ToolSource="c:\program files (x86)\arcgis\desktop10.8\ArcToolbox\Toolboxes\Data Management Tools.tbx\CalculateField" Date="20220914" Time="155600">CalculateField AURB_BRASIL_TOTAL_11AGOSTO_2 Tipo "Loteamento vazio" VB #</Process><Process ToolSource="c:\program files (x86)\arcgis\desktop10.8\ArcToolbox\Toolboxes\Data Management Tools.tbx\CalculateField" Date="20220914" Time="160851">CalculateField AURB_BRASIL_TOTAL_11AGOSTO_2 Comparacao [Compara201] VB #</Process><Process ToolSource="c:\program files (x86)\arcgis\desktop10.8\ArcToolbox\Toolboxes\Data Management Tools.tbx\CalculateField" Date="20220914" Time="160934">CalculateField AURB_BRASIL_TOTAL_11AGOSTO_2 Comparacao [Compara201] VB #</Process><Process ToolSource="c:\program files (x86)\arcgis\desktop10.8\ArcToolbox\Toolboxes\Data Management Tools.tbx\CalculateField" Date="20220914" Time="161749">CalculateField AURB_BRASIL_TOTAL_11AGOSTO_2 Comparacao "Subtração" VB #</Process></lineage></DataProperties></Esri></metadata>
